Date,season,ID_Focal,Focal_Lodge,Focal_weight,ID_Stimulus,Stimulus_lodge,Stimulus_Weight,Weight_Difference,DOB_Focal,DOB_stimulus,Age_stimulus_(in_days)_TestDate-DOBStimulus,Age_offspring_(in_months)_TestDate-DOBStimulus,kind_experiment,relatednss,fine_relationship,Sniffs
30-Aug-21,Breeding,142,705,87.8,156,705,71.7,16.1,3-Jul-21,8-Jul-21,53,2,Neighbours,kin,sisters,9
4-Apr-22,Non-breeding,204,556,104.4,270,236,87.2,17.2,23-Jul-21,28-Sep-21,188,6,Neighbours,kin,sisters,1
8-Mar-22,Non-breeding,226,20,105.3,228,561,104.3,1,29-Aug-21,30-Aug-21,190,6,Neighbours,kin,sisters,0
28-Jan-22,Non-breeding,226,20,103.7,240,167,82.9,20.8,29-Aug-21,11-Oct-21,109,4,Neighbours,kin,sisters,1
11-Aug-22,Breeding,226,20,108.9,222,167,93.9,15,29-Aug-21,7-Oct-21,308,10,Neighbours,kin,sisters,5
5-Feb-22,Non-breeding,228,561,103.6,240,167,90.9,12.7,30-Aug-21,11-Oct-21,117,4,Neighbours,kin,sisters,0
20-Aug-22,Breeding,248,727,131.5,376,707,114.7,16.8,NA,NA,NA,NA,Neighbours,kin,sisters,3
17-Feb-22,Non-breeding,266,718,86.5,292,712,84.5,2,18-Sep-21,16-Oct-21,124,4,Neighbours,kin,sisters,0
31-Jan-22,Non-breeding,268,718,83.9,288,719,77.1,6.8,16-Sep-21,26-Oct-21,97,3,Neighbours,kin,sisters,0
18-Apr-22,Non-breeding,276,728,138.3,248,728,112.8,25.5,NA,NA,NA,NA,Neighbours,kin,sisters,0
29-Jul-22,Breeding,292,719,110.8,266,718,103.8,7,26-Oct-21,18-Sep-21,314,10,Neighbours,kin,sisters,4
29-Jul-22,Breeding,350,730,112.6,380,687,106,6.6,NA,NA,NA,NA,Neighbours,kin,sisters,0
29-Jul-22,Breeding,364,279,137.6,412,511,107.6,30,NA,NA,NA,NA,Neighbours,kin,sisters,0
9-Apr-22,Non-breeding,374,722,126,358,721,95.3,30.7,NA,NA,NA,NA,Neighbours,kin,sisters,0
9-Apr-22,Non-breeding,412,721,114.8,358,722,109.6,5.2,NA,NA,NA,NA,Neighbours,kin,sisters,7
10-Sep-21,Breeding,22,557,152.9,118,567,95.6,57.3,15-Sep-19,26-Jan-21,227,8,Neighbours,non-kin,non-kin,0
23-Aug-21,Breeding,22,557,108,42,567,96.4,11.6,15-Sep-19,15-Sep-19,708,24,Neighbours,non-kin,non-kin,1
24-Aug-21,Breeding,76,524,149.3,146,529,116.4,32.9,NA,NA,NA,NA,Neighbours,non-kin,non-kin,4
2-Nov-21,Breeding,78,705,169.5,184,708,147.8,21.7,NA,NA,NA,NA,Neighbours,non-kin,non-kin,4
8-Mar-22,Breeding,98,556,102.9,244,639,90.5,12.4,14-Dec-20,8-Oct-21,151,5,Neighbours,non-kin,non-kin,0
8-Nov-21,Breeding,98,556,98.5,172,717,90,8.5,14-Dec-20,20-Aug-21,80,3,Neighbours,non-kin,non-kin,5
5-Apr-22,Non-breeding,105,442,121.7,98,556,102.9,18.8,NA,14-Dec-20,477,16,Neighbours,non-kin,non-kin,0
4-Sep-21,Breeding,105,442,110.7,98,556,97,13.7,NA,14-Dec-20,264,9,Neighbours,non-kin,non-kin,4
11-Mar-22,Non-breeding,106,546,109.7,282,549,96,13.7,23-Dec-20,30-Sep-21,162,5,Neighbours,non-kin,non-kin,0
2-Apr-22,Non-breeding,106,561,119.1,226,20,119,0.1,23-Dec-20,29-Aug-21,216,7,Neighbours,non-kin,non-kin,5
29-Oct-21,Breeding,118,551,94.7,254,562,79.3,15.4,26-Jan-21,27-Aug-21,63,2,Neighbours,non-kin,non-kin,3
30-Aug-21,Breeding,140,586,105.6,98,556,91.4,14.2,14-Dec-20,14-Dec-20,259,9,Neighbours,non-kin,non-kin,0
29-Mar-22,Non-breeding,140,189,104.1,220,506,91.6,12.5,14-Dec-20,25-Sep-21,185,6,Neighbours,non-kin,non-kin,0
24-Feb-22,Non-breeding,142,705,164.3,278,707,129.4,34.9,3-Jul-21,23-Sep-21,154,5,Neighbours,non-kin,non-kin,0
11-Sep-21,Breeding,144,279,156.1,120,511,117.8,38.3,NA,24-Feb-21,199,7,Neighbours,non-kin,non-kin,2
19-Aug-22,Breeding,156,705,153.5,248,727,131.9,21.6,8-Jul-21,NA,NA,NA,Neighbours,non-kin,non-kin,0
4-Feb-22,Non-breeding,156,705,136,248,708,101,35,8-Jul-21,NA,NA,NA,Neighbours,non-kin,non-kin,2
28-Mar-23,Non-breeding,156,705,141.8,376,727,118.7,23.1,8-Jul-21,8-Jul-21,,0,Neighbours,non-kin,non-kin,10
12-Aug-22,Breeding,164,549,134.4,222,167,102.6,31.8,18-Jul-21,7-Oct-21,309,10,Neighbours,non-kin,non-kin,2
17-Feb-22,Non-breeding,172,173,97.6,220,544,88.5,9.1,20-Aug-21,25-Sep-21,145,5,Neighbours,non-kin,non-kin,0
7-Nov-21,Breeding,172,717,89.6,162,556,87.7,1.9,20-Aug-21,3-Aug-21,96,3,Neighbours,non-kin,non-kin,11
31-Jan-22,Non-breeding,172,173,97.4,284,542,88.8,8.6,20-Aug-21,25-Sep-21,128,4,Neighbours,non-kin,non-kin,2
4-Feb-22,Non-breeding,184,708,116,278,707,113,3,NA,23-Sep-21,134,4,Neighbours,non-kin,non-kin,2
18-Apr-22,Non-breeding,184,726,144.6,376,727,103.2,41.4,NA,NA,NA,NA,Neighbours,non-kin,non-kin,0
24-Aug-21,Breeding,186,562,114.8,42,567,94.6,20.2,NA,15-Sep-19,709,24,Neighbours,non-kin,non-kin,3
13-Nov-21,Breeding,186,554,118.1,118,551,91,27.1,NA,26-Jan-21,291,10,Neighbours,non-kin,non-kin,8
7-Feb-23,Non-breeding,204,242,114.2,620,20,94.1,20.1,23-Jul-21,11-Sep-22,149,5,Neighbours,non-kin,non-kin,8
3-Feb-22,Non-breeding,204,556,108.7,210,442,100.1,8.6,23-Jul-21,14-Aug-21,173,6,Neighbours,non-kin,non-kin,0
3-Feb-22,Non-breeding,208,442,104,270,236,80.6,23.4,17-Aug-21,28-Sep-21,128,4,Neighbours,non-kin,non-kin,9
6-Nov-21,Breeding,210,442,93.3,162,556,86.6,6.7,14-Aug-21,3-Aug-21,95,3,Neighbours,non-kin,non-kin,15
5-Feb-22,Non-breeding,222,167,87.2,270,236,80.2,7,7-Oct-21,28-Sep-21,130,4,Neighbours,non-kin,non-kin,0
8-Apr-22,Non-breeding,232,722,124.2,358,721,96.8,27.4,NA,2-Jan-22,96,3,Neighbours,non-kin,non-kin,0
16-Aug-22,Breeding,232,722,135.4,412,511,114.5,20.9,NA,19-Dec-21,240,8,Neighbours,non-kin,non-kin,0
29-Jul-22,Breeding,234,157,127.9,214,160,120.8,7.1,NA,11-Aug-21,352,12,Neighbours,non-kin,non-kin,0
31-Jan-22,Non-breeding,234,157,92.9,292,719,78,14.9,NA,16-Oct-21,107,4,Neighbours,non-kin,non-kin,4
28-Mar-23,Non-breeding,248,737,133.1,78,728,129.1,4,NA,NA,NA,NA,Neighbours,non-kin,non-kin,2
26-Oct-21,Breeding,256,712,96.9,258,160,85.4,11.5,NA,NA,NA,NA,Neighbours,non-kin,non-kin,12
7-Feb-22,Non-breeding,258,160,97.9,266,718,85.3,12.6,NA,18-Sep-21,142,5,Neighbours,non-kin,non-kin,0
7-Mar-22,Non-breeding,258,160,101.7,234,157,99.4,2.3,NA,NA,NA,NA,Neighbours,non-kin,non-kin,2
4-Apr-22,Non-breeding,268,557,101.3,406,567,95.7,5.6,16-Sep-21,NA,NA,NA,Neighbours,non-kin,non-kin,0
25-Mar-22,Non-breeding,276,705,140.3,278,707,126.4,13.9,NA,23-Sep-21,183,6,Neighbours,non-kin,non-kin,2
15-Apr-22,Non-breeding,278,707,119.7,248,708,112.8,6.9,23-Sep-21,NA,NA,NA,Neighbours,non-kin,non-kin,3
16-Aug-22,Breeding,286,723,119.2,294,501,115.4,3.8,25-Oct-21,NA,NA,NA,Neighbours,non-kin,non-kin,1
9-Aug-22,Breeding,354,533,107.4,236,532,104.8,2.6,NA,24-Oct-21,289,10,Neighbours,non-kin,non-kin,25
1-Aug-22,Breeding,384,731,114.6,236,533,104.6,10,NA,24-Oct-21,281,9,Neighbours,non-kin,non-kin,2
1-Aug-22,Breeding,406,567,109.4,268,557,103.2,6.2,NA,16-Sep-21,319,11,Neighbours,non-kin,non-kin,0
25-Feb-23,Non-breeding,602,750,97,554,730,84.7,12.3,4-Sep-22,5-Sep-22,173,6,Neighbours,non-kin,non-kin,2
23-Aug-21,Breeding,8702,501,107.6,118,551,98.2,9.4,30-Aug-20,26-Jan-21,209,7,Neighbours,non-kin,non-kin,6
