Date,season,ID_Focal,Focal_Lodge,Focal_weight,ID_Stimulus,Stimulus_lodge,dispersed,age _dispersed_weeks,Stimulus_Weight,Weight_Difference,DOB_Focal,DOB_stimulus,Age_stimulus_(in_days)_TestDate-DOBStimulus,Age_offspring_months,kind_experiment,relatednss,fine_relationship,body_contact,body_contact_min,Grooms_time,Fight_time,Sniffs
29-Sep-22,Breeding,234,137,118.7,606,137,no,na,87.6,31.1,NA,10-Aug-22,50,2,Mother_and_offspring,kin,offspring,0,0,0,0,0
12-Dec-22,Non-breeding,234,157,118.4,666,137,no,na,90.4,28,NA,15-Sep-22,88,3,Mother_and_offspring,kin,offspring,564.463,9.407716667,0.11255,0,3
21-Oct-22,Breeding,106,167,104.6,568,167,no,na,64.7,39.9,23-Dec-20,20-Sep-22,31,1,Mother_and_offspring,kin,offspring,591.278,9.854633333,1.187416667,0,3
19-Dec-22,Non-breeding,106,167,109.6,368,167,no,na,89,20.6,23-Dec-20,29-Jul-22,143,5,Mother_and_offspring,kin,offspring,0,0,0,0,4
21-Feb-23,Non-breeding,106,167,112.3,568,167,no,na,90.7,21.6,23-Dec-20,20-Sep-22,154,5,Mother_and_offspring,kin,offspring,0,0,0,0,0
22-Feb-23,Non-breeding,106,167,113.4,374,167,no,na,91.4,22,23-Dec-20,8-Aug-22,198,7,Mother_and_offspring,kin,offspring,38.749,0.645816667,0,0,21
26-Dec-22,Non-breeding,172,173,114.1,596,173,no,na,97,17.1,20-Aug-21,2-Sep-22,115,4,Mother_and_offspring,kin,offspring,559.494,9.3249,0,0,3
6-Oct-22,Breeding,294,501,108.4,516,501,no,na,55,53.4,NA,10-Sep-22,26,1,Mother_and_offspring,kin,offspring,105.785,1.763083333,0,0,5
31-Oct-22,Breeding,294,501,102,660,501,no,na,81.3,20.7,NA,14-Sep-22,47,2,Mother_and_offspring,kin,offspring,92.255,1.537583333,0,0.103733333,1
12-Sep-22,Breeding,356,503,116,528,503,no,na,80.7,35.3,NA,27-Jul-22,47,2,Mother_and_offspring,kin,offspring,350.187,5.83645,0.190666667,0,18
17-Feb-22,Non-breeding,120,511,116.5,358,511,no,na,81.5,35,24-Feb-21,26-Aug-21,175,6,Mother_and_offspring,kin,offspring,855.969,14.26615,0.437433333,0,3
3-Jan-23,Non-breeding,356,518,115.4,718,518,no,na,89.6,25.8,NA,26-Sep-22,99,3,Mother_and_offspring,kin,offspring,418.478,6.974633333,0,0,6
6-Sep-22,Breeding,354,532,115,540,532,no,na,77.3,37.7,NA,19-Jul-22,49,2,Mother_and_offspring,kin,offspring,265.202,4.420033333,0,0,15
3-Sep-22,Breeding,126,541,129.8,533,541,no,na,64.5,65.3,2-Mar-21,5-Aug-22,29,1,Mother_and_offspring,kin,offspring,852.71,14.21183333,0,0,3
6-Sep-22,Breeding,290,541,115.3,533,541,no,na,66.4,48.9,22-Oct-21,5-Aug-22,32,1,Mother_and_offspring,kin,offspring,697.21,11.62016667,0,0,12
7-Feb-23,Non-breeding,164,549,119.5,548,549,no,na,82.2,37.3,18-Jul-21,27-Aug-22,164,5,Mother_and_offspring,kin,offspring,0,0,0,0,0
31-Aug-21,Breeding,22,555,124.1,164,555,no,na,67.9,56.2,15-Sep-19,18-Jul-21,44,1,Mother_and_offspring,kin,offspring,12.004,0.200066667,0,0,2
31-Aug-21,Breeding,98,556,91.3,204,556,no,na,60.8,30.5,14-Dec-20,23-Jul-21,39,1,Mother_and_offspring,kin,offspring,247.25,4.120833333,0,0,7
21-Oct-22,Breeding,270,556,100.9,618,556,no,na,75.8,25.1,28-Sep-21,12-Sep-22,39,1,Mother_and_offspring,kin,offspring,6.496,0.108266667,0,0,4
21-Feb-23,Non-breeding,270,556,97.2,612,556,no,na,85.1,12.1,28-Sep-21,10-Sep-22,164,5,Mother_and_offspring,kin,offspring,485.95,8.099166667,0,0,2
1-Oct-22,Breeding,382,559,123.9,525,559,no,na,96.9,27,NA,2-Aug-22,60,2,Mother_and_offspring,kin,offspring,788.888,13.14813333,0,0,5
30-Sep-22,Breeding,156,705,131.4,563,705,no,na,53.6,77.8,8-Jul-21,5-Sep-22,25,1,Mother_and_offspring,kin,offspring,0,0,0,0,2
30-Sep-22,Breeding,142,705,146.6,556,705,no,na,55.9,90.7,3-Jul-21,6-Sep-22,24,1,Mother_and_offspring,kin,offspring,618.724,10.31206667,0.9384,0,4
1-Oct-22,Breeding,142,705,150.4,674,705,no,na,61.2,89.2,3-Jul-21,11-Sep-22,20,1,Mother_and_offspring,kin,offspring,0,0,0,0,0
1-Oct-22,Breeding,156,705,133.1,672,705,no,na,61,72.1,8-Jul-21,5-Sep-22,26,1,Mother_and_offspring,kin,offspring,710.466,11.8411,0,0,4
14-Oct-22,Breeding,156,705,128.1,674,705,no,na,66.3,61.8,8-Jul-21,11-Sep-22,33,1,Mother_and_offspring,kin,offspring,24.757,0.412616667,0,0,4
14-Oct-22,Breeding,142,705,146.7,563,705,no,na,65.7,81,3-Jul-21,5-Sep-22,39,1,Mother_and_offspring,kin,offspring,537.196,8.953266667,0.02915,0,7
24-Aug-21,Breeding,78,705,141.6,156,705,no,na,75.3,66.3,NA,8-Jul-21,47,2,Mother_and_offspring,kin,offspring,20.994,0.3499,0,0,3
5-Feb-22,Non-breeding,142,705,150.5,78,705,no,na,141.1,9.4,3-Jul-21,3-Jul-21,217,7,Mother_and_offspring,kin,offspring,32.817,0.54695,0,0,3
19-Aug-22,Breeding,142,705,161.7,78,705,no,na,142.5,19.2,3-Jul-21,3-Jul-21,412,14,Mother_and_offspring,kin,offspring,0,0,0,0,0
20-Aug-22,Breeding,156,705,158.3,78,705,no,na,145.8,12.5,8-Jul-21,8-Jul-21,408,14,Mother_and_offspring,kin,offspring,0,0,0,0,0
13-Sep-22,Breeding,106,706,108.1,559,706,no,na,66.5,41.6,23-Dec-20,5-Aug-22,39,1,Mother_and_offspring,kin,offspring,0,0,0,0,24
22-Sep-22,Breeding,106,706,102.1,374,706,no,na,64,38.1,23-Dec-20,8-Aug-22,45,2,Mother_and_offspring,kin,offspring,17.753,0.295883333,0.305666667,0,5
3-Sep-22,Breeding,376,707,129.2,543,707,no,na,65.1,64.1,NA,4-Aug-22,30,1,Mother_and_offspring,kin,offspring,614.735,10.24558333,0,0.0125,11
6-Sep-22,Breeding,164,713,117,534,713,no,na,66.4,50.6,18-Jul-21,2-Aug-22,35,1,Mother_and_offspring,kin,offspring,0,0,0,0,0
26-Sep-22,Breeding,292,718,125.5,609,718,no,na,54.5,71,26-Oct-21,3-Sep-22,23,1,Mother_and_offspring,kin,offspring,523.035,8.71725,0.2417,0,2
16-Dec-22,Non-breeding,539,726,130.3,184,726,no,na,123.9,6.4,5-Aug-22,6-Aug-22,132,4,Mother_and_offspring,kin,offspring,622.699,10.37831667,0,0,6
6-Mar-23,Non-breeding,164,729,114.8,548,729,no,na,86.5,28.3,18-Jul-21,27-Aug-22,191,6,Mother_and_offspring,kin,offspring,12.747,0.21245,0,0,2
24-Feb-23,Non-breeding,232,730,118,554,730,no,na,90.9,27.1,NA,5-Sep-22,172,6,Mother_and_offspring,kin,offspring,143.492,2.391533333,0,0,4
14-Oct-22,Breeding,78,736,145.4,558,736,no,na,73,72.4,NA,9-Sep-22,35,1,Mother_and_offspring,kin,offspring,272.927,4.548783333,0,0,12
24-Jan-23,Non-breeding,354,737,116.3,704,737,no,na,60.3,56,NA,16-Oct-22,100,3,Mother_and_offspring,kin,offspring,18.991,0.316516667,0,0,5
8-Mar-22,Non-breeding,106,561,112.4,240,167,yes,3,96.9,15.5,23-Dec-20,11-Oct-21,148,5,Mother_and_offspring,kin,offspring,0,0,0,0,0
22-Sep-22,Breeding,226,20,104.2,523,242,yes,3,70.7,33.5,29-Aug-21,12-Aug-22,41,1,Mother_and_offspring,kin,offspring,843.49,14.05816667,0,0,3
5-Sep-22,Breeding,126,541,128,529,505,yes,3,63.9,64.1,2-Mar-21,5-Aug-22,31,1,Mother_and_offspring,kin,offspring,549.22,9.153666667,2.133566667,0,8
12-Feb-23,Non-breeding,292,718,105.8,579,719,yes,3,102.9,2.9,26-Oct-21,4-Sep-22,161,5,Mother_and_offspring,kin,offspring,271.994,4.533233333,0.07085,0,2
20-Jan-23,Non-breeding,292,456,113.8,629,435,yes,3,78.5,35.3,26-Oct-21,12-Oct-22,100,3,Mother_and_offspring,kin,offspring,49.781,0.829683333,0,0,5
2-Mar-23,Non-breeding,539,726,172.1,184,708,no,na,128.5,43.6,5-Aug-22,5-Aug-22,209,7,Mother_and_offspring,kin,offspring,0,0,0,0,1
7-Nov-21,Breeding,105,639,117.7,210,442,yes,4,91.7,26,NA,14-Aug-21,85,3,Mother_and_offspring,kin,offspring,23.793,0.39655,0,0,2
29-Jan-22,Non-breeding,256,712,105.2,292,432,yes,4,72.5,32.7,NA,16-Oct-21,105,4,Mother_and_offspring,kin,offspring,646.875,10.78125,0,0,0
10-Dec-22,Non-breeding,513,344,106.2,356,518,yes,4,97.9,8.3,6-Aug-22,6-Aug-22,126,4,Mother_and_offspring,kin,offspring,27.752,0.462533333,0.112633333,0.187483333,0
27-Jan-23,Non-breeding,356,402,104.3,368,503,yes,4,87.6,16.7,NA,29-Jul-22,182,6,Mother_and_offspring,kin,offspring,705.83,11.76383333,0,0,2
9-Dec-22,Non-breeding,356,518,97.9,368,332,yes,4,85.3,12.6,NA,29-Jul-22,133,4,Mother_and_offspring,kin,offspring,300.487,5.008116667,0,0.01665,0
5-Sep-22,Breeding,290,541,114.2,533,505,yes,4,63.3,50.9,22-Oct-21,6-Aug-22,30,1,Mother_and_offspring,kin,offspring,650.797,10.84661667,0,0,2
3-Sep-22,Breeding,290,541,114.8,529,505,yes,4,64.1,50.7,22-Oct-21,5-Aug-22,29,1,Mother_and_offspring,kin,offspring,569.979,9.49965,0,0.062566667,3
29-Dec-22,Non-breeding,354,532,121.6,545,14,yes,4,127,-5.4,NA,27-Jul-22,155,5,Mother_and_offspring,kin,offspring,0.746,0.012433333,0,0.0374,12
11-Feb-23,Non-breeding,292,718,105.9,580,719,yes,4,89.9,16,26-Oct-21,4-Sep-22,160,5,Mother_and_offspring,kin,offspring,499.727,8.328783333,0.2917,0,3
13-Dec-22,Non-breeding,234,157,119.5,606,137,yes,4,103.8,15.7,NA,10-Aug-22,125,4,Mother_and_offspring,kin,offspring,0,0,0,0,0
7-Oct-21,Breeding,118,551,141.6,42,531,yes,5,99.3,42.3,15-Sep-19,26-Jan-21,254,8,Mother_and_offspring,kin,offspring,0,0,0,0,1
3-Feb-22,Non-breeding,78,705,149.5,352,708,yes,5,84.5,65,NA,26-Nov-21,69,3,Mother_and_offspring,kin,offspring,2.496,0.0416,0,0,2
10-Dec-22,Non-breeding,234,157,119.5,605,733,yes,5,118.6,0.9,NA,5-Aug-22,127,4,Mother_and_offspring,kin,offspring,0,0,0,0,0
16-Nov-21,Breeding,140,586,103,206,280,yes,6,83.9,19.1,14-Dec-20,16-Aug-21,92,3,Mother_and_offspring,kin,offspring,0,0,0,0,0
23-Feb-23,Non-breeding,106,167,112.2,226,561,yes,6,106.2,6,23-Dec-20,29-Aug-21,543,18,Mother_and_offspring,kin,offspring,321.262,5.354366667,0.09165,0,3
12-Aug-22,Breeding,106,706,111.6,226,20,yes,6,105.7,5.9,23-Dec-20,29-Aug-21,348,12,Mother_and_offspring,kin,offspring,0,0,0,0,0
21-Feb-22,Non-breeding,164,555,107.4,268,557,yes,6,89.8,17.6,18-Jul-21,16-Sep-21,158,5,Mother_and_offspring,kin,offspring,42.494,0.708233333,0,0,0
7-Feb-23,Non-breeding,226,561,119,568,167,yes,6,95,24,29-Aug-21,20-Sep-22,140,5,Mother_and_offspring,kin,offspring,149.968,2.499466667,0.016683333,0,1
19-Dec-22,Non-breeding,226,561,112.1,620,20,yes,6,86,26.1,29-Aug-21,11-Sep-22,99,3,Mother_and_offspring,kin,offspring,1.743,0.02905,0,0,0
9-Feb-23,Non-breeding,226,561,120.1,620,20,yes,6,93,27.1,29-Aug-21,11-Sep-22,151,5,Mother_and_offspring,kin,offspring,818.209,13.63681667,0,0,6
6-Sep-21,Breeding,8702,501,133.7,126,541,yes,7,116.2,17.5,30-Aug-20,2-Mar-21,188,6,Mother_and_offspring,kin,offspring,616.71,10.2785,0,0,2
25-Oct-21,Breeding,22,462,106.9,164,555,yes,7,102.6,4.3,15-Sep-19,18-Jul-21,99,3,Mother_and_offspring,kin,offspring,11.747,0.195783333,0,0,2
4-Feb-23,Non-breeding,376,727,115.7,732,707,yes,7,81.3,34.4,NA,23-Oct-22,104,3,Mother_and_offspring,kin,offspring,8.708,0.145133333,0.32125,0.149983333,18
30-Dec-22,Non-breeding,354,532,122.3,578,504,yes,8,115.4,6.9,NA,31-Aug-22,121,4,Mother_and_offspring,kin,offspring,0,0,0,0,4
16-Nov-21,Breeding,186,554,114.7,254,681,yes,9,86,28.7,NA,27-Aug-21,81,3,Mother_and_offspring,kin,offspring,225.259,3.754316667,0.09215,0,5
24-Feb-23,Non-breeding,204,743,113,614,734,yes,10,100.6,12.4,23-Jul-21,3-Sep-22,174,6,Mother_and_offspring,kin,offspring,13.25,0.220833333,0,0,7
19-Dec-22,Non-breeding,270,556,102.8,612,561,no,na,86.8,16,28-Sep-21,10-Sep-22,100,3,Mother_and_offspring,kin,offspring,591.693,9.86155,0,0,4
12-Nov-21,Breeding,126,541,109.6,148,683,yes,11,80.9,28.7,2-Mar-21,27-Aug-21,77,3,Mother_and_offspring,kin,offspring,96.064,1.601066667,0,0,9
22-Mar-22,Non-breeding,126,541,126.4,286,723,yes,13,91.3,35.1,2-Mar-21,25-Oct-21,148,5,Mother_and_offspring,kin,offspring,569.668,9.494466667,0.541666667,0,8
6-Aug-22,Breeding,126,541,127.1,286,723,yes,13,110.1,17,2-Mar-21,25-Oct-21,285,10,Mother_and_offspring,kin,offspring,609.142,10.15236667,0.0792,0,1
12-Mar-22,Non-breeding,120,511,124,358,721,yes,20,88.4,35.6,24-Feb-21,26-Aug-21,198,7,Mother_and_offspring,kin,offspring,306.747,5.11245,0,0,9
2-Mar-23,Non-breeding,156,705,168.8,78,728,yes,98,130.2,38.6,8-Jul-21,8-Jul-21,602,20,Mother_and_offspring,kin,offspring,29.761,0.496016667,0,0,0
